"Final version: March 17, 2015",,,,,,,,,,,,,,,,,,,,,,,,,,,,,,,,,,,
,,,,,,,,,,,,,,,,,,,,,,,,,,,,,,,,,,,
Supplemental Appendix 3,,,,,,,,,,,,,,,,,,,,,,,,,,,,,,,,,,,
"Data used for Figure 2 in Kirchman. 2016.   Growth rates of microbes in the oceans. Annual Review of Marine Science, v.8  doi: 10.1146/annurev-marine-122414-033938",,,,,,,,,,,,,,,,,,,,,,,,,,,,,,,,,,,
,,,,,,,,,,,,,,,,,,,,,,,,,,,,,,,,,,,
,,,,,,,,,,,,,,,,,,,,,,,,,,,,,,,,,,,
,,,,,,,,,,,,,,,,,,,,,,,,,,,,,,,,,,,
,Growth Rates of Heterotrophic Bacteria Estimated by the Leucine-Biomass Approach,,,,,,,,,,,,,,,,,,,,,,,,,,,,,,,,,,
,,,,,,,,,,,,,,,,,,,,,,,,,,,,,,,,,,,
I used production and biomass data as reported in the paper.,,,,,,,,,,,,,,,,,,,,,,,,,,,,,,,,,,,
"If necessary, the following conversion factors were used:",,,,,,,,,,,,,,,,,,,,,,,,,,,,,,,,,,,
,C/cell,10 fgC/cell,,,,,,,,,,,,,,,,,,,,,,,,,,,,,,,,,
,leucine conversion,1.5 kgC/mole,,,,,,,,,,,,,,,,,,,,,,,,,,,,,,,,,
,,,,,Conversion factors,,,,,,,,,,,,,,,,,,,,,,,,,,,,,,
,,,,Growth,Leucine ,C per cell ,,,,,,,,,,,,,,,,,,,,,,,,,,,,,
Region,Dates,Lat,Lon,Rate (/d),kgC/mol,fgC/cell,Comments,Reference,,,,,,,,,,,,,,,,,,,,,,,,,,,
Alboran,Sep/99,,,0.21,1.50,10.00,Taken from Pulido-Villena et al. 2012,"Van Wambeke, F., U. Christaki, A. Giannokourou, T. Moutin, and K. Souvemerzoglou. 2002. Longitudinal and vertical trends of bacterial limitation by phosphorus and carbon in the Mediterranean Sea. Microbial. Ecol. 43: 119-133.",,,,,,,,,,,,,,,,,,,,,,,,,,,
"Alboran, Almeria - Oran frontal area",Jan. 1998,,,0.18,1.50,10.00,Taken from Pulido-Villena et al. 2012,"Van Wambeke, F., D. Lefevre, L. Prieur, R. Sempere, M. Bianchi, K. Oubelkheir, and F. Bruyant. 2004. Distribution of microbial biomass, production, respiration, dissolved organic carbon and factors controlling bacterial production across a geostrophic front (Almeria-Oran, SW Mediterranean Sea). Mar. Ecol. Progr. Ser. 269: 1-15.",,,,,,,,,,,,,,,,,,,,,,,,,,,
"Alboran, Almeria - Oran frontal area",Jan. 1998,,,0.12,1.50,10.00,Taken from Pulido-Villena et al. 2012,"Van Wambeke, F., D. Lefevre, L. Prieur, R. Sempere, M. Bianchi, K. Oubelkheir, and F. Bruyant. 2004. Distribution of microbial biomass, production, respiration, dissolved organic carbon and factors controlling bacterial production across a geostrophic front (Almeria-Oran, SW Mediterranean Sea). Mar. Ecol. Progr. Ser. 269: 1-15.",,,,,,,,,,,,,,,,,,,,,,,,,,,
"Alboran, Almeria - Oran frontal area",Jan. 1998,,,0.12,1.50,10.00,Taken from Pulido-Villena et al. 2012,"Van Wambeke, F., D. Lefevre, L. Prieur, R. Sempere, M. Bianchi, K. Oubelkheir, and F. Bruyant. 2004. Distribution of microbial biomass, production, respiration, dissolved organic carbon and factors controlling bacterial production across a geostrophic front (Almeria-Oran, SW Mediterranean Sea). Mar. Ecol. Progr. Ser. 269: 1-15.",,,,,,,,,,,,,,,,,,,,,,,,,,,
Algero provencal,Sep/99,,,0.13,1.50,10.00,Taken from Pulido-Villena et al. 2012,"Van Wambeke, F., U. Christaki, A. Giannokourou, T. Moutin, and K. Souvemerzoglou. 2002. Longitudinal and vertical trends of bacterial limitation by phosphorus and carbon in the Mediterranean Sea. Microbial. Ecol. 43: 119-133.",,,,,,,,,,,,,,,,,,,,,,,,,,,
Algero provencal,Jun/99,,,0.15,1.50,10.00,Taken from Pulido-Villena et al. 2012,"Van Wambeke, F., U. Christaki, A. Giannokourou, T. Moutin, and K. Souvemerzoglou. 2002. Longitudinal and vertical trends of bacterial limitation by phosphorus and carbon in the Mediterranean Sea. Microbial. Ecol. 43: 119-133.",,,,,,,,,,,,,,,,,,,,,,,,,,,
Algero provencal,5 May - 5 Jun. 2007,,,0.06,1.50,10.00,Taken from Pulido-Villena et al. 2012,"Ortega-Retuerta, E., C. Duarte, and I. Reche. 2010. Significance of Bacterial Activity for the Distribution and Dynamics of Transparent Exopolymer Particles in the Mediterranean Sea. Microbial. Ecol. 59: 808-818.",,,,,,,,,,,,,,,,,,,,,,,,,,,
Algero provencal,"10-17 Jul, 2008",,,0.09,1.50,10.00,Taken from Pulido-Villena et al. 2012,"Van Wambeke et al. unpub; see Pulido-Villena et al. 2012, complete reference given below",,,,,,,,,,,,,,,,,,,,,,,,,,,
Algero provencal,15-21 Oct 1996,,,0.19,1.50,10.00,Taken from Pulido-Villena et al. 2012,"Moran, X. a. G., I. Taupier-Letage, E. Vazquez-Dominguez, S. Ruiz, L. Arin, P. Raimbault, and M. Estrada. 2001. Physical-biological coupling in the Algerian Basin (SW Mediterranean): Influence of mesoscale instabilities on the biomass and production of phytoplankton and bacterioplankton. Deep-Sea Res I 48: 405-437.",,,,,,,,,,,,,,,,,,,,,,,,,,,
Arabian Sea,,,,0.06,1.50,15.00,TTN-043,"Ducklow, H. W., D. C. Smith, L. Campbell, M. R. Landry, H. L. Quinby, G. F. Steward, and F. Azam. 2001. Heterotrophic bacterioplankton in the Arabian Sea: Basinwide response to year-round high primary productivity. Deep-Sea Res II 48: 1303-1323.",,,,,,,,,,,,,,,,,,,,,,,,,,,
Arabian Sea,,18.08,57.99,0.19,1.50,15.00,TTN-043,"Ducklow, H. W., D. C. Smith, L. Campbell, M. R. Landry, H. L. Quinby, G. F. Steward, and F. Azam. 2001. Heterotrophic bacterioplankton in the Arabian Sea: Basinwide response to year-round high primary productivity. Deep-Sea Res II 48: 1303-1323.",,,,,,,,,,,,,,,,,,,,,,,,,,,
Arabian Sea,,17.20,59.77,0.07,1.50,15.00,TTN-043,"Ducklow, H. W., D. C. Smith, L. Campbell, M. R. Landry, H. L. Quinby, G. F. Steward, and F. Azam. 2001. Heterotrophic bacterioplankton in the Arabian Sea: Basinwide response to year-round high primary productivity. Deep-Sea Res II 48: 1303-1323.",,,,,,,,,,,,,,,,,,,,,,,,,,,
Arabian Sea,,16.00,62.00,0.10,1.50,15.00,TTN-043,"Ducklow, H. W., D. C. Smith, L. Campbell, M. R. Landry, H. L. Quinby, G. F. Steward, and F. Azam. 2001. Heterotrophic bacterioplankton in the Arabian Sea: Basinwide response to year-round high primary productivity. Deep-Sea Res II 48: 1303-1323.",,,,,,,,,,,,,,,,,,,,,,,,,,,
Arabian Sea,,14.45,65.00,0.08,1.50,15.00,TTN-043,"Ducklow, H. W., D. C. Smith, L. Campbell, M. R. Landry, H. L. Quinby, G. F. Steward, and F. Azam. 2001. Heterotrophic bacterioplankton in the Arabian Sea: Basinwide response to year-round high primary productivity. Deep-Sea Res II 48: 1303-1323.",,,,,,,,,,,,,,,,,,,,,,,,,,,
Arabian Sea,,10.00,64.90,0.08,1.50,15.00,TTN-043,"Ducklow, H. W., D. C. Smith, L. Campbell, M. R. Landry, H. L. Quinby, G. F. Steward, and F. Azam. 2001. Heterotrophic bacterioplankton in the Arabian Sea: Basinwide response to year-round high primary productivity. Deep-Sea Res II 48: 1303-1323.",,,,,,,,,,,,,,,,,,,,,,,,,,,
Arabian Sea,,,,0.04,1.50,15.00,TTN-045,"Ducklow, H. W., D. C. Smith, L. Campbell, M. R. Landry, H. L. Quinby, G. F. Steward, and F. Azam. 2001. Heterotrophic bacterioplankton in the Arabian Sea: Basinwide response to year-round high primary productivity. Deep-Sea Res II 48: 1303-1323.",,,,,,,,,,,,,,,,,,,,,,,,,,,
Arabian Sea,,18.08,58.03,0.05,1.50,15.00,TTN-045,"Ducklow, H. W., D. C. Smith, L. Campbell, M. R. Landry, H. L. Quinby, G. F. Steward, and F. Azam. 2001. Heterotrophic bacterioplankton in the Arabian Sea: Basinwide response to year-round high primary productivity. Deep-Sea Res II 48: 1303-1323.",,,,,,,,,,,,,,,,,,,,,,,,,,,
Arabian Sea,,17.26,59.75,0.09,1.50,15.00,TTN-045,"Ducklow, H. W., D. C. Smith, L. Campbell, M. R. Landry, H. L. Quinby, G. F. Steward, and F. Azam. 2001. Heterotrophic bacterioplankton in the Arabian Sea: Basinwide response to year-round high primary productivity. Deep-Sea Res II 48: 1303-1323.",,,,,,,,,,,,,,,,,,,,,,,,,,,
Arabian Sea,,16.00,62.00,0.13,1.50,15.00,TTN-045,"Ducklow, H. W., D. C. Smith, L. Campbell, M. R. Landry, H. L. Quinby, G. F. Steward, and F. Azam. 2001. Heterotrophic bacterioplankton in the Arabian Sea: Basinwide response to year-round high primary productivity. Deep-Sea Res II 48: 1303-1323.",,,,,,,,,,,,,,,,,,,,,,,,,,,
Arabian Sea,,15.25,63.50,0.10,1.50,15.00,TTN-045,"Ducklow, H. W., D. C. Smith, L. Campbell, M. R. Landry, H. L. Quinby, G. F. Steward, and F. Azam. 2001. Heterotrophic bacterioplankton in the Arabian Sea: Basinwide response to year-round high primary productivity. Deep-Sea Res II 48: 1303-1323.",,,,,,,,,,,,,,,,,,,,,,,,,,,
Arabian Sea,,14.48,64.90,0.06,1.50,15.00,TTN-045,"Ducklow, H. W., D. C. Smith, L. Campbell, M. R. Landry, H. L. Quinby, G. F. Steward, and F. Azam. 2001. Heterotrophic bacterioplankton in the Arabian Sea: Basinwide response to year-round high primary productivity. Deep-Sea Res II 48: 1303-1323.",,,,,,,,,,,,,,,,,,,,,,,,,,,
Arabian Sea,,10.01,64.89,0.10,1.50,15.00,TTN-045,"Ducklow, H. W., D. C. Smith, L. Campbell, M. R. Landry, H. L. Quinby, G. F. Steward, and F. Azam. 2001. Heterotrophic bacterioplankton in the Arabian Sea: Basinwide response to year-round high primary productivity. Deep-Sea Res II 48: 1303-1323.",,,,,,,,,,,,,,,,,,,,,,,,,,,
Arabian Sea,,,,,1.50,15.00,TTN-049,"Ducklow, H. W., D. C. Smith, L. Campbell, M. R. Landry, H. L. Quinby, G. F. Steward, and F. Azam. 2001. Heterotrophic bacterioplankton in the Arabian Sea: Basinwide response to year-round high primary productivity. Deep-Sea Res II 48: 1303-1323.",,,,,,,,,,,,,,,,,,,,,,,,,,,
Arabian Sea,,18.49,57.30,0.31,1.50,15.00,TTN-049,"Ducklow, H. W., D. C. Smith, L. Campbell, M. R. Landry, H. L. Quinby, G. F. Steward, and F. Azam. 2001. Heterotrophic bacterioplankton in the Arabian Sea: Basinwide response to year-round high primary productivity. Deep-Sea Res II 48: 1303-1323.",,,,,,,,,,,,,,,,,,,,,,,,,,,
Arabian Sea,,18.13,58.00,0.60,1.50,15.00,TTN-049,"Ducklow, H. W., D. C. Smith, L. Campbell, M. R. Landry, H. L. Quinby, G. F. Steward, and F. Azam. 2001. Heterotrophic bacterioplankton in the Arabian Sea: Basinwide response to year-round high primary productivity. Deep-Sea Res II 48: 1303-1323.",,,,,,,,,,,,,,,,,,,,,,,,,,,
Arabian Sea,,17.14,59.96,0.17,1.50,15.00,TTN-049,"Ducklow, H. W., D. C. Smith, L. Campbell, M. R. Landry, H. L. Quinby, G. F. Steward, and F. Azam. 2001. Heterotrophic bacterioplankton in the Arabian Sea: Basinwide response to year-round high primary productivity. Deep-Sea Res II 48: 1303-1323.",,,,,,,,,,,,,,,,,,,,,,,,,,,
Arabian Sea,,16.03,62.00,0.19,1.50,15.00,TTN-049,"Ducklow, H. W., D. C. Smith, L. Campbell, M. R. Landry, H. L. Quinby, G. F. Steward, and F. Azam. 2001. Heterotrophic bacterioplankton in the Arabian Sea: Basinwide response to year-round high primary productivity. Deep-Sea Res II 48: 1303-1323.",,,,,,,,,,,,,,,,,,,,,,,,,,,
Arabian Sea,,14.45,65.00,0.15,1.50,15.00,TTN-049,"Ducklow, H. W., D. C. Smith, L. Campbell, M. R. Landry, H. L. Quinby, G. F. Steward, and F. Azam. 2001. Heterotrophic bacterioplankton in the Arabian Sea: Basinwide response to year-round high primary productivity. Deep-Sea Res II 48: 1303-1323.",,,,,,,,,,,,,,,,,,,,,,,,,,,
Arabian Sea,,10.00,64.90,0.30,1.50,15.00,TTN-049,"Ducklow, H. W., D. C. Smith, L. Campbell, M. R. Landry, H. L. Quinby, G. F. Steward, and F. Azam. 2001. Heterotrophic bacterioplankton in the Arabian Sea: Basinwide response to year-round high primary productivity. Deep-Sea Res II 48: 1303-1323.",,,,,,,,,,,,,,,,,,,,,,,,,,,
Arabian Sea,,,,0.15,1.50,15.00,TTN-054,"Ducklow, H. W., D. C. Smith, L. Campbell, M. R. Landry, H. L. Quinby, G. F. Steward, and F. Azam. 2001. Heterotrophic bacterioplankton in the Arabian Sea: Basinwide response to year-round high primary productivity. Deep-Sea Res II 48: 1303-1323.",,,,,,,,,,,,,,,,,,,,,,,,,,,
Arabian Sea,,18.08,58.00,0.09,1.50,15.00,TTN-054,"Ducklow, H. W., D. C. Smith, L. Campbell, M. R. Landry, H. L. Quinby, G. F. Steward, and F. Azam. 2001. Heterotrophic bacterioplankton in the Arabian Sea: Basinwide response to year-round high primary productivity. Deep-Sea Res II 48: 1303-1323.",,,,,,,,,,,,,,,,,,,,,,,,,,,
Arabian Sea,,17.20,59.77,0.05,1.50,15.00,TTN-054,"Ducklow, H. W., D. C. Smith, L. Campbell, M. R. Landry, H. L. Quinby, G. F. Steward, and F. Azam. 2001. Heterotrophic bacterioplankton in the Arabian Sea: Basinwide response to year-round high primary productivity. Deep-Sea Res II 48: 1303-1323.",,,,,,,,,,,,,,,,,,,,,,,,,,,
Arabian Sea,,16.03,62.00,0.11,1.50,15.00,TTN-054,"Ducklow, H. W., D. C. Smith, L. Campbell, M. R. Landry, H. L. Quinby, G. F. Steward, and F. Azam. 2001. Heterotrophic bacterioplankton in the Arabian Sea: Basinwide response to year-round high primary productivity. Deep-Sea Res II 48: 1303-1323.",,,,,,,,,,,,,,,,,,,,,,,,,,,
Arabian Sea,,14.45,65.00,0.13,1.50,15.00,TTN-054,"Ducklow, H. W., D. C. Smith, L. Campbell, M. R. Landry, H. L. Quinby, G. F. Steward, and F. Azam. 2001. Heterotrophic bacterioplankton in the Arabian Sea: Basinwide response to year-round high primary productivity. Deep-Sea Res II 48: 1303-1323.",,,,,,,,,,,,,,,,,,,,,,,,,,,
Arabian Sea,,10.00,64.90,0.10,1.50,15.00,TTN-054,"Ducklow, H. W., D. C. Smith, L. Campbell, M. R. Landry, H. L. Quinby, G. F. Steward, and F. Azam. 2001. Heterotrophic bacterioplankton in the Arabian Sea: Basinwide response to year-round high primary productivity. Deep-Sea Res II 48: 1303-1323.",,,,,,,,,,,,,,,,,,,,,,,,,,,
Arctic,,,72,0.02,1.50,12.40,SBI,"Kirchman, D. L., V. Hill, M. T. Cottrell, R. Gradinger, R. R. Malmstrom, and A. Parker. 2009. Standing stocks, production, and respiration of phytoplankton and heterotrophic bacteria in the western Arctic Ocean. Deep Sea Res II 56: 1237-1248.",,,,,,,,,,,,,,,,,,,,,,,,,,,
Arctic,,,72,0.04,1.50,12.40,SBI,"Kirchman, D. L., V. Hill, M. T. Cottrell, R. Gradinger, R. R. Malmstrom, and A. Parker. 2009. Standing stocks, production, and respiration of phytoplankton and heterotrophic bacteria in the western Arctic Ocean. Deep Sea Res II 56: 1237-1248.",,,,,,,,,,,,,,,,,,,,,,,,,,,
Arctic,,,72,0.02,1.50,12.40,SBI,"Kirchman, D. L., V. Hill, M. T. Cottrell, R. Gradinger, R. R. Malmstrom, and A. Parker. 2009. Standing stocks, production, and respiration of phytoplankton and heterotrophic bacteria in the western Arctic Ocean. Deep Sea Res II 56: 1237-1248.",,,,,,,,,,,,,,,,,,,,,,,,,,,
Arctic,,,72,0.06,1.50,12.40,SBI,"Kirchman, D. L., V. Hill, M. T. Cottrell, R. Gradinger, R. R. Malmstrom, and A. Parker. 2009. Standing stocks, production, and respiration of phytoplankton and heterotrophic bacteria in the western Arctic Ocean. Deep Sea Res II 56: 1237-1248.",,,,,,,,,,,,,,,,,,,,,,,,,,,
C. Barents Sea,,75,31,0.06,3.10,15.00,,"Howard-Jones, M. H., V. D. Ballard, A. E. Allen, M. E. Frischer, and P. G. Verity. 2002. Distribution of bacterial biomass and activity in the marginal ice zone of the central Barents Sea during summer. Journal of Marine Systems 38: 77-91.",,,,,,,,,,,,,,,,,,,,,,,,,,,
Catalan Sea,Jan 2003-March 2004,,,0.14,1.50,10.00,Taken from Pulido-Villena et al. 2012,"Alonso-Saez, L., E. Vazquez-Dominguez, C. Cardelus, J. Pinhassi, M. M. Sala, I. Lekunberri, V. Balague, M. Vila-Costa, F. Unrein, R. Massana, R. Simo, and J. M. Gasol. 2008. Factors controlling the year-round variability in carbon flux through bacteria in a coastal marine system. Ecosystems 11: 397-409.",,,,,,,,,,,,,,,,,,,,,,,,,,,
Cretan Sea, 25 May 2007,,,0.10,1.50,10.00,Taken from Pulido-Villena et al. 2012,"Ortega-Retuerta, E., C. Duarte, and I. Reche. 2010. Significance of Bacterial Activity for the Distribution and Dynamics of Transparent Exopolymer Particles in the Mediterranean Sea. Microbial. Ecol. 59: 808-818.",,,,,,,,,,,,,,,,,,,,,,,,,,,
Cretan Sea,Mar/95,,,0.13,1.50,10.00,Taken from Pulido-Villena et al. 2012,"Van Wambeke, F., M. Goutx, L. Striby, R. Sempére, and F. Vidussi. 2001. Bacterial dynamics during the transition from spring bloom to oligotrophy in the northwestern Mediterranean Sea: relationships with particulate detritus and dissolved organic matter. Mar. Ecol. Prog. Ser. 212: 89-105.",,,,,,,,,,,,,,,,,,,,,,,,,,,
Cretan Sea,Mar/95,,,0.08,1.50,10.00,Taken from Pulido-Villena et al. 2012,"Van Wambeke, F., M. Goutx, L. Striby, R. Sempére, and F. Vidussi. 2001. Bacterial dynamics during the transition from spring bloom to oligotrophy in the northwestern Mediterranean Sea: relationships with particulate detritus and dissolved organic matter. Mar. Ecol. Prog. Ser. 212: 89-105.",,,,,,,,,,,,,,,,,,,,,,,,,,,
Cretan Sea,Sep/95,,,0.04,1.50,10.00,Taken from Pulido-Villena et al. 2012,"Van Wambeke, F., M. Goutx, L. Striby, R. Sempére, and F. Vidussi. 2001. Bacterial dynamics during the transition from spring bloom to oligotrophy in the northwestern Mediterranean Sea: relationships with particulate detritus and dissolved organic matter. Mar. Ecol. Prog. Ser. 212: 89-105.",,,,,,,,,,,,,,,,,,,,,,,,,,,
Cretan Sea,Sep/95,,,0.05,1.50,10.00,Taken from Pulido-Villena et al. 2012,"Van Wambeke, F., M. Goutx, L. Striby, R. Sempére, and F. Vidussi. 2001. Bacterial dynamics during the transition from spring bloom to oligotrophy in the northwestern Mediterranean Sea: relationships with particulate detritus and dissolved organic matter. Mar. Ecol. Prog. Ser. 212: 89-105.",,,,,,,,,,,,,,,,,,,,,,,,,,,
Cretan Sea,Sep/97,,,0.11,1.50,10.00,Taken from Pulido-Villena et al. 2012,"Christaki, U., F. Van Wambeke, and J. R. Dolan. 1999. Nanoflagellates (mixotrophs, heterotrophs and autotrophs) in the oligotrophic eastern Mediterranean: standing stocks, bacterivory and relationships with bacterial production. Mar. Ecol. Prog. Ser. 181: 297-307.",,,,,,,,,,,,,,,,,,,,,,,,,,,
Cretan Sea,Sep/97,,,0.10,1.50,10.00,Taken from Pulido-Villena et al. 2012,"Christaki, U., F. Van Wambeke, and J. R. Dolan. 1999. Nanoflagellates (mixotrophs, heterotrophs and autotrophs) in the oligotrophic eastern Mediterranean: standing stocks, bacterivory and relationships with bacterial production. Mar. Ecol. Prog. Ser. 181: 297-307.",,,,,,,,,,,,,,,,,,,,,,,,,,,
Disko Bay,,69,-53,0.35,1.95,Used biovol*,,"Moller, E. F., and T. G. Nielsen. 2000. Plankton community structure and carbon cycling off the western coast of Greenland, with emphasis on sources of DOM for the bacterial community. Aquat. Microb. Ecol. 22: 13-25.",,,,,,,,,,,,,,,,,,,,,,,,,,,
Drake Passage ,Summer 2004 winter 2006,-62,-56,0.16,3.10,20.00,,"Manganelli, M., F. Malfatti, T. J. Samo, B. G. Mitchell, H. Wang, and F. Azam. 2009. Major Role of Microbes in Carbon Fluxes during Austral Winter in the Southern Drake Passage. PLoS ONE 4: e6941.",,,,,,,,,,,,,,,,,,,,,,,,,,,
Equatorial Pacific,,,0,0.18,1.50,15.00,TT008,"Ducklow, H. W., H. L. Quinby, and C. A. Carlson. 1995. Bacterioplankton dynamics in the Equatorial Pacific during the 1992 El-Nino. Deep-Sea Res II 42: 621-638.",,,,,,,,,,,,,,,,,,,,,,,,,,,
Equatorial Pacific,,,0,0.09,1.50,15.00,TT012,"Ducklow, H. W., H. L. Quinby, and C. A. Carlson. 1995. Bacterioplankton dynamics in the Equatorial Pacific during the 1992 El-Nino. Deep-Sea Res II 42: 621-638.",,,,,,,,,,,,,,,,,,,,,,,,,,,
Equatorial Pacific,,9.02,-140.07,,1.50,15.00,TT007,"Kirchman, D. L., J. H. Rich, and R. T. Barber. 1995. Biomass and biomass production of heterotrophic bacteria along 140-Degrees-W in the Equatorial Pacific - Effect of temperature on the microbial loop. Deep-Sea Res. II 42: 603-619.",,,,,,,,,,,,,,,,,,,,,,,,,,,
Equatorial Pacific,,5.10,-139.94,0.10,1.50,15.00,TT007,"Kirchman, D. L., J. H. Rich, and R. T. Barber. 1995. Biomass and biomass production of heterotrophic bacteria along 140-Degrees-W in the Equatorial Pacific - Effect of temperature on the microbial loop. Deep-Sea Res. II 42: 603-619.",,,,,,,,,,,,,,,,,,,,,,,,,,,
Equatorial Pacific,,2.96,-140.00,0.11,1.50,15.00,TT007,"Kirchman, D. L., J. H. Rich, and R. T. Barber. 1995. Biomass and biomass production of heterotrophic bacteria along 140-Degrees-W in the Equatorial Pacific - Effect of temperature on the microbial loop. Deep-Sea Res. II 42: 603-619.",,,,,,,,,,,,,,,,,,,,,,,,,,,
Equatorial Pacific,,2.17,-140.01,0.14,1.50,15.00,TT007,"Kirchman, D. L., J. H. Rich, and R. T. Barber. 1995. Biomass and biomass production of heterotrophic bacteria along 140-Degrees-W in the Equatorial Pacific - Effect of temperature on the microbial loop. Deep-Sea Res. II 42: 603-619.",,,,,,,,,,,,,,,,,,,,,,,,,,,
Equatorial Pacific,,1.14,-140.15,0.17,1.50,15.00,TT007,"Kirchman, D. L., J. H. Rich, and R. T. Barber. 1995. Biomass and biomass production of heterotrophic bacteria along 140-Degrees-W in the Equatorial Pacific - Effect of temperature on the microbial loop. Deep-Sea Res. II 42: 603-619.",,,,,,,,,,,,,,,,,,,,,,,,,,,
Equatorial Pacific,,0.00,-140.24,0.09,1.50,15.00,TT007,"Kirchman, D. L., J. H. Rich, and R. T. Barber. 1995. Biomass and biomass production of heterotrophic bacteria along 140-Degrees-W in the Equatorial Pacific - Effect of temperature on the microbial loop. Deep-Sea Res. II 42: 603-619.",,,,,,,,,,,,,,,,,,,,,,,,,,,
Equatorial Pacific,,0.00,-140.40,0.13,1.50,15.00,TT007,"Kirchman, D. L., J. H. Rich, and R. T. Barber. 1995. Biomass and biomass production of heterotrophic bacteria along 140-Degrees-W in the Equatorial Pacific - Effect of temperature on the microbial loop. Deep-Sea Res. II 42: 603-619.",,,,,,,,,,,,,,,,,,,,,,,,,,,
Equatorial Pacific,,-1.00,-140.00,0.14,1.50,15.00,TT007,"Kirchman, D. L., J. H. Rich, and R. T. Barber. 1995. Biomass and biomass production of heterotrophic bacteria along 140-Degrees-W in the Equatorial Pacific - Effect of temperature on the microbial loop. Deep-Sea Res. II 42: 603-619.",,,,,,,,,,,,,,,,,,,,,,,,,,,
Equatorial Pacific,,-1.04,-140.30,0.11,1.50,15.00,TT007,"Kirchman, D. L., J. H. Rich, and R. T. Barber. 1995. Biomass and biomass production of heterotrophic bacteria along 140-Degrees-W in the Equatorial Pacific - Effect of temperature on the microbial loop. Deep-Sea Res. II 42: 603-619.",,,,,,,,,,,,,,,,,,,,,,,,,,,
Equatorial Pacific,,-1.93,-140.52,,1.50,15.00,TT007,"Kirchman, D. L., J. H. Rich, and R. T. Barber. 1995. Biomass and biomass production of heterotrophic bacteria along 140-Degrees-W in the Equatorial Pacific - Effect of temperature on the microbial loop. Deep-Sea Res. II 42: 603-619.",,,,,,,,,,,,,,,,,,,,,,,,,,,
Equatorial Pacific,,-5.09,-140.10,0.08,1.50,15.00,TT007,"Kirchman, D. L., J. H. Rich, and R. T. Barber. 1995. Biomass and biomass production of heterotrophic bacteria along 140-Degrees-W in the Equatorial Pacific - Effect of temperature on the microbial loop. Deep-Sea Res. II 42: 603-619.",,,,,,,,,,,,,,,,,,,,,,,,,,,
Equatorial Pacific,,-12.01,-134.98,0.14,1.50,15.00,TT007,"Kirchman, D. L., J. H. Rich, and R. T. Barber. 1995. Biomass and biomass production of heterotrophic bacteria along 140-Degrees-W in the Equatorial Pacific - Effect of temperature on the microbial loop. Deep-Sea Res. II 42: 603-619.",,,,,,,,,,,,,,,,,,,,,,,,,,,
Equatorial Pacific,,-12.21,-134.73,0.12,1.50,15.00,TT007,"Kirchman, D. L., J. H. Rich, and R. T. Barber. 1995. Biomass and biomass production of heterotrophic bacteria along 140-Degrees-W in the Equatorial Pacific - Effect of temperature on the microbial loop. Deep-Sea Res. II 42: 603-619.",,,,,,,,,,,,,,,,,,,,,,,,,,,
Equatorial Pacific,,12.02,-140.09,0.14,1.50,15.00,TT011,"Kirchman, D. L., J. H. Rich, and R. T. Barber. 1995. Biomass and biomass production of heterotrophic bacteria along 140-Degrees-W in the Equatorial Pacific - Effect of temperature on the microbial loop. Deep-Sea Res. II 42: 603-619.",,,,,,,,,,,,,,,,,,,,,,,,,,,
Equatorial Pacific,,8.99,-139.96,0.15,1.50,15.00,TT011,"Kirchman, D. L., J. H. Rich, and R. T. Barber. 1995. Biomass and biomass production of heterotrophic bacteria along 140-Degrees-W in the Equatorial Pacific - Effect of temperature on the microbial loop. Deep-Sea Res. II 42: 603-619.",,,,,,,,,,,,,,,,,,,,,,,,,,,
Equatorial Pacific,,9.15,-139.85,0.13,1.50,15.00,TT011,"Kirchman, D. L., J. H. Rich, and R. T. Barber. 1995. Biomass and biomass production of heterotrophic bacteria along 140-Degrees-W in the Equatorial Pacific - Effect of temperature on the microbial loop. Deep-Sea Res. II 42: 603-619.",,,,,,,,,,,,,,,,,,,,,,,,,,,
Equatorial Pacific,,7.02,-139.96,0.17,1.50,15.00,TT011,"Kirchman, D. L., J. H. Rich, and R. T. Barber. 1995. Biomass and biomass production of heterotrophic bacteria along 140-Degrees-W in the Equatorial Pacific - Effect of temperature on the microbial loop. Deep-Sea Res. II 42: 603-619.",,,,,,,,,,,,,,,,,,,,,,,,,,,
Equatorial Pacific,,5.02,-139.92,0.09,1.50,15.00,TT011,"Kirchman, D. L., J. H. Rich, and R. T. Barber. 1995. Biomass and biomass production of heterotrophic bacteria along 140-Degrees-W in the Equatorial Pacific - Effect of temperature on the microbial loop. Deep-Sea Res. II 42: 603-619.",,,,,,,,,,,,,,,,,,,,,,,,,,,
Equatorial Pacific,,5.01,-139.82,0.12,1.50,15.00,TT011,"Kirchman, D. L., J. H. Rich, and R. T. Barber. 1995. Biomass and biomass production of heterotrophic bacteria along 140-Degrees-W in the Equatorial Pacific - Effect of temperature on the microbial loop. Deep-Sea Res. II 42: 603-619.",,,,,,,,,,,,,,,,,,,,,,,,,,,
Equatorial Pacific,,2.96,-140.05,0.08,1.50,15.00,TT011,"Kirchman, D. L., J. H. Rich, and R. T. Barber. 1995. Biomass and biomass production of heterotrophic bacteria along 140-Degrees-W in the Equatorial Pacific - Effect of temperature on the microbial loop. Deep-Sea Res. II 42: 603-619.",,,,,,,,,,,,,,,,,,,,,,,,,,,
Equatorial Pacific,,2.01,-140.04,0.23,1.50,15.00,TT011,"Kirchman, D. L., J. H. Rich, and R. T. Barber. 1995. Biomass and biomass production of heterotrophic bacteria along 140-Degrees-W in the Equatorial Pacific - Effect of temperature on the microbial loop. Deep-Sea Res. II 42: 603-619.",,,,,,,,,,,,,,,,,,,,,,,,,,,
Equatorial Pacific,,2.16,-140.67,0.17,1.50,15.00,TT011,"Kirchman, D. L., J. H. Rich, and R. T. Barber. 1995. Biomass and biomass production of heterotrophic bacteria along 140-Degrees-W in the Equatorial Pacific - Effect of temperature on the microbial loop. Deep-Sea Res. II 42: 603-619.",,,,,,,,,,,,,,,,,,,,,,,,,,,
Equatorial Pacific,,0.13,-140.02,0.08,1.50,15.00,TT011,"Kirchman, D. L., J. H. Rich, and R. T. Barber. 1995. Biomass and biomass production of heterotrophic bacteria along 140-Degrees-W in the Equatorial Pacific - Effect of temperature on the microbial loop. Deep-Sea Res. II 42: 603-619.",,,,,,,,,,,,,,,,,,,,,,,,,,,
Equatorial Pacific,,0.24,-139.68,0.12,1.50,15.00,TT011,"Kirchman, D. L., J. H. Rich, and R. T. Barber. 1995. Biomass and biomass production of heterotrophic bacteria along 140-Degrees-W in the Equatorial Pacific - Effect of temperature on the microbial loop. Deep-Sea Res. II 42: 603-619.",,,,,,,,,,,,,,,,,,,,,,,,,,,
Equatorial Pacific,,-1.04,-139.99,0.09,1.50,15.00,TT011,"Kirchman, D. L., J. H. Rich, and R. T. Barber. 1995. Biomass and biomass production of heterotrophic bacteria along 140-Degrees-W in the Equatorial Pacific - Effect of temperature on the microbial loop. Deep-Sea Res. II 42: 603-619.",,,,,,,,,,,,,,,,,,,,,,,,,,,
Equatorial Pacific,,-2.07,-140.12,0.08,1.50,15.00,TT011,"Kirchman, D. L., J. H. Rich, and R. T. Barber. 1995. Biomass and biomass production of heterotrophic bacteria along 140-Degrees-W in the Equatorial Pacific - Effect of temperature on the microbial loop. Deep-Sea Res. II 42: 603-619.",,,,,,,,,,,,,,,,,,,,,,,,,,,
Equatorial Pacific,,-5.04,-140.04,0.07,1.50,15.00,TT011,"Kirchman, D. L., J. H. Rich, and R. T. Barber. 1995. Biomass and biomass production of heterotrophic bacteria along 140-Degrees-W in the Equatorial Pacific - Effect of temperature on the microbial loop. Deep-Sea Res. II 42: 603-619.",,,,,,,,,,,,,,,,,,,,,,,,,,,
Equatorial Pacific,,-5.24,-139.98,0.06,1.50,15.00,TT011,"Kirchman, D. L., J. H. Rich, and R. T. Barber. 1995. Biomass and biomass production of heterotrophic bacteria along 140-Degrees-W in the Equatorial Pacific - Effect of temperature on the microbial loop. Deep-Sea Res. II 42: 603-619.",,,,,,,,,,,,,,,,,,,,,,,,,,,
Equatorial Pacific,,-11.97,-135.00,0.06,1.50,15.00,TT011,"Kirchman, D. L., J. H. Rich, and R. T. Barber. 1995. Biomass and biomass production of heterotrophic bacteria along 140-Degrees-W in the Equatorial Pacific - Effect of temperature on the microbial loop. Deep-Sea Res. II 42: 603-619.",,,,,,,,,,,,,,,,,,,,,,,,,,,
Equatorial Pacific,,-11.90,-134.95,0.05,1.50,15.00,TT011,"Kirchman, D. L., J. H. Rich, and R. T. Barber. 1995. Biomass and biomass production of heterotrophic bacteria along 140-Degrees-W in the Equatorial Pacific - Effect of temperature on the microbial loop. Deep-Sea Res. II 42: 603-619.",,,,,,,,,,,,,,,,,,,,,,,,,,,
Gibraltar strait,Sep/99,,,0.23,1.50,10.00,Taken from Pulido-Villena et al. 2012,"Van Wambeke, F., U. Christaki, A. Giannokourou, T. Moutin, and K. Souvemerzoglou. 2002. Longitudinal and vertical trends of bacterial limitation by phosphorus and carbon in the Mediterranean Sea. Microbial. Ecol. 43: 119-133.",,,,,,,,,,,,,,,,,,,,,,,,,,,
Gulf of Lion, 18 Jun. 2008,,,0.09,1.50,10.00,Taken from Pulido-Villena et al. 2012,"Van Wambeke et al. unpub; see Pulido-Villena et al. 2012, complete reference given below",,,,,,,,,,,,,,,,,,,,,,,,,,,
Gulf of Lion,Feb/97,,,0.12,1.50,10.00,Taken from Pulido-Villena et al. 2012,"Van Wambeke, F., S. Heussner, F. Diaz, P. Raimbault, and P. Conan. 2002. Small-scale variability in the coupling/uncoupling of bacteria, phytoplankton and organic carbon fluxes along the continental margin of the Gulf of Lions, Northwestern Mediterranean Sea. Journal Of Marine Systems 33: 411-429.",,,,,,,,,,,,,,,,,,,,,,,,,,,
Gulf of Lion,Mar. 1997,,,0.12,1.50,10.00,Taken from Pulido-Villena et al. 2012,"Van Wambeke, F., S. Heussner, F. Diaz, P. Raimbault, and P. Conan. 2002. Small-scale variability in the coupling/uncoupling of bacteria, phytoplankton and organic carbon fluxes along the continental margin of the Gulf of Lions, Northwestern Mediterranean Sea. Journal Of Marine Systems 33: 411-429.",,,,,,,,,,,,,,,,,,,,,,,,,,,
Gulf of Lion, 6 Apr. 1997,,,0.09,1.50,10.00,Taken from Pulido-Villena et al. 2012,"Van Wambeke, F., S. Heussner, F. Diaz, P. Raimbault, and P. Conan. 2002. Small-scale variability in the coupling/uncoupling of bacteria, phytoplankton and organic carbon fluxes along the continental margin of the Gulf of Lions, Northwestern Mediterranean Sea. Journal Of Marine Systems 33: 411-429.",,,,,,,,,,,,,,,,,,,,,,,,,,,
Gulf of Lion, 16 Apr. 1997,,,0.08,1.50,10.00,Taken from Pulido-Villena et al. 2012,"Van Wambeke, F., S. Heussner, F. Diaz, P. Raimbault, and P. Conan. 2002. Small-scale variability in the coupling/uncoupling of bacteria, phytoplankton and organic carbon fluxes along the continental margin of the Gulf of Lions, Northwestern Mediterranean Sea. Journal Of Marine Systems 33: 411-429.",,,,,,,,,,,,,,,,,,,,,,,,,,,
Gulf of Lion, 23 Apr. 1997,,,0.07,1.50,10.00,Taken from Pulido-Villena et al. 2012,"Van Wambeke, F., S. Heussner, F. Diaz, P. Raimbault, and P. Conan. 2002. Small-scale variability in the coupling/uncoupling of bacteria, phytoplankton and organic carbon fluxes along the continental margin of the Gulf of Lions, Northwestern Mediterranean Sea. Journal Of Marine Systems 33: 411-429.",,,,,,,,,,,,,,,,,,,,,,,,,,,
Gulf of Lion, 1 May 1997,,,0.12,1.50,10.00,Taken from Pulido-Villena et al. 2012,"Van Wambeke, F., S. Heussner, F. Diaz, P. Raimbault, and P. Conan. 2002. Small-scale variability in the coupling/uncoupling of bacteria, phytoplankton and organic carbon fluxes along the continental margin of the Gulf of Lions, Northwestern Mediterranean Sea. Journal Of Marine Systems 33: 411-429.",,,,,,,,,,,,,,,,,,,,,,,,,,,
Gulf of Lion,Jun/98,,,0.09,1.50,10.00,Taken from Pulido-Villena et al. 2012,"Diaz 2000 Ph.D. dissertation, see Pulido-Villena et al. 2012, complete reference given below",,,,,,,,,,,,,,,,,,,,,,,,,,,
Gulf of Lion,Jun/98,,,0.11,1.50,10.00,Taken from Pulido-Villena et al. 2012,"Diaz 2000 Ph.D. dissertation, see Pulido-Villena et al. 2012, complete reference given below",,,,,,,,,,,,,,,,,,,,,,,,,,,
Ionian,Sep/99,,,0.08,1.50,10.00,Taken from Pulido-Villena et al. 2012,"Van Wambeke, F., U. Christaki, A. Giannokourou, T. Moutin, and K. Souvemerzoglou. 2002. Longitudinal and vertical trends of bacterial limitation by phosphorus and carbon in the Mediterranean Sea. Microbial. Ecol. 43: 119-133.",,,,,,,,,,,,,,,,,,,,,,,,,,,
Ionian,Jun/99,,,0.08,1.50,10.00,Taken from Pulido-Villena et al. 2012,"Van Wambeke, F., U. Christaki, A. Giannokourou, T. Moutin, and K. Souvemerzoglou. 2002. Longitudinal and vertical trends of bacterial limitation by phosphorus and carbon in the Mediterranean Sea. Microbial. Ecol. 43: 119-133.",,,,,,,,,,,,,,,,,,,,,,,,,,,
Ionian,"21 Jun - 8 Jul, 2008",,,0.08,1.50,10.00,Taken from Pulido-Villena et al. 2012,"Van Wambeke et al. unpub; see Pulido-Villena et al. 2012, complete reference given below",,,,,,,,,,,,,,,,,,,,,,,,,,,
Ionian ,13 - 27 May 2007,,,0.06,1.50,10.00,Taken from Pulido-Villena et al. 2012,"Ortega-Retuerta, E., C. Duarte, and I. Reche. 2010. Significance of Bacterial Activity for the Distribution and Dynamics of Transparent Exopolymer Particles in the Mediterranean Sea. Microbial. Ecol. 59: 808-818.",,,,,,,,,,,,,,,,,,,,,,,,,,,
Levantine,Jun/99,,,0.07,1.50,10.00,Taken from Pulido-Villena et al. 2012,"Van Wambeke, F., U. Christaki, A. Giannokourou, T. Moutin, and K. Souvemerzoglou. 2002. Longitudinal and vertical trends of bacterial limitation by phosphorus and carbon in the Mediterranean Sea. Microbial. Ecol. 43: 119-133.",,,,,,,,,,,,,,,,,,,,,,,,,,,
Levantine,15-22 May 2007,,,0.07,1.50,10.00,Taken from Pulido-Villena et al. 2012,"Ortega-Retuerta, E., C. Duarte, and I. Reche. 2010. Significance of Bacterial Activity for the Distribution and Dynamics of Transparent Exopolymer Particles in the Mediterranean Sea. Microbial. Ecol. 59: 808-818.",,,,,,,,,,,,,,,,,,,,,,,,,,,
Levantine,"22-29 Jun, 2008",,,0.07,1.50,10.00,Taken from Pulido-Villena et al. 2012,"Van Wambeke et al. unpub; see Pulido-Villena et al. 2012, complete reference given below",,,,,,,,,,,,,,,,,,,,,,,,,,,
Levantine + Cretan Sea,"20-27 Jan, 1995",,,0.10,1.50,10.00,Taken from Pulido-Villena et al. 2012,"Zohary, T., and R. D. Robarts. 1998. Experimental study of microbial P limitation in the eastern Mediterranean. Limnol. Oceanogr. 43: 387-395.",,,,,,,,,,,,,,,,,,,,,,,,,,,
Levantine Sea,"14-25 May, 2001",,,1.00,1.50,10.00,Taken from Pulido-Villena et al. 2012,"Tanaka, T., T. Zohary, M. D. Krom, C. S. Law, P. Pitta, S. Psarra, F. Rassoulzadegan, T. F. Thingstad, A. Tselepides, E. M. S. Woodward, G. a. F. Flaten, E. F. Skjoldal, and G. Zodiatis. 2007. Microbial community structure and function in the Levantine Basin of the eastern Mediterranean. Deep Sea Research Part I: Oceanographic Research Papers 54: 1721-1743.",,,,,,,,,,,,,,,,,,,,,,,,,,,
Levantine Sea,"10-15 May, 2002",,,0.55,1.50,10.00,Taken from Pulido-Villena et al. 2012,"Tanaka, T., T. Zohary, M. D. Krom, C. S. Law, P. Pitta, S. Psarra, F. Rassoulzadegan, T. F. Thingstad, A. Tselepides, E. M. S. Woodward, G. a. F. Flaten, E. F. Skjoldal, and G. Zodiatis. 2007. Microbial community structure and function in the Levantine Basin of the eastern Mediterranean. Deep Sea Research Part I: Oceanographic Research Papers 54: 1721-1743.",,,,,,,,,,,,,,,,,,,,,,,,,,,
Levantine Sea,"11-13 Sept, 1989",,,0.03,1.50,10.00,Taken from Pulido-Villena et al. 2012,"Zohary, T., and R. D. Robarts. 1998. Experimental study of microbial P limitation in the eastern Mediterranean. Limnol. Oceanogr. 43: 387-395.",,,,,,,,,,,,,,,,,,,,,,,,,,,
Levantine Sea,3-4 March 1992,,,0.01,1.50,10.00,Taken from Pulido-Villena et al. 2012,"Zohary, T., and R. D. Robarts. 1998. Experimental study of microbial P limitation in the eastern Mediterranean. Limnol. Oceanogr. 43: 387-395.",,,,,,,,,,,,,,,,,,,,,,,,,,,
Levantine Sea,16 Oct-8 Nov 1991,,,0.05,1.50,10.00,Taken from Pulido-Villena et al. 2012,"Robarts, R. D., T. Zohary, M. J. Waiser, and Y. Z. Yacobi. 1996. Bacterial abundance, biomass, and production in relation to phytoplankton biomass in the Levantine Basin of the southeastern Mediterranean Sea. Mar. Ecol. Progr. Ser. 137: 273-281.",,,,,,,,,,,,,,,,,,,,,,,,,,,
Med Sea (Dyfamed site),"11-31 May, 1995",,,0.28,1.50,10.00,Taken from Pulido-Villena et al. 2012,Van Wambeke et al. 1999,,,,,,,,,,,,,,,,,,,,,,,,,,,
Med Sea (Dyfamed site),18 Sep. - 15 Oct. 2004,,,0.08,1.50,10.00,Taken from Pulido-Villena et al. 2012,Van Wambeke et al. 1999,,,,,,,,,,,,,,,,,,,,,,,,,,,
Med Sea (Dyfamed site),"29 Sep. - 30 Oct, 1999",,,0.10,1.50,10.00,Taken from Pulido-Villena et al. 2012,Van Wambeke et al. 1999,,,,,,,,,,,,,,,,,,,,,,,,,,,
Med Sea (Dyfamed site),Jan 99 - Jan 2000,,,0.16,1.50,10.00,Taken from Pulido-Villena et al. 2012,Van Wambeke et al. 1999,,,,,,,,,,,,,,,,,,,,,,,,,,,
Mediterranean Sea,Slope,,,0.05,1.50,10.00,Mean of several profiles,"Pedrós-Alió, C., J.-I. Calderón-Paz, N. Guixa-Boixereu, M. Estrada, and J. M. Gasol. 1999. Bacterioplankton and phytoplankton biomass and production during summer stratification in the northwestern Mediterranean Sea. Deep Sea Research Part I: Oceanographic Research Papers 46: 985-1019.",,,,,,,,,,,,,,,,,,,,,,,,,,,
Mediterranean Sea,Deep,,,0.20,0.35,10.00,Mean of several profiles,"Pedrós-Alió, C., J.-I. Calderón-Paz, N. Guixa-Boixereu, M. Estrada, and J. M. Gasol. 1999. Bacterioplankton and phytoplankton biomass and production during summer stratification in the northwestern Mediterranean Sea. Deep Sea Research Part I: Oceanographic Research Papers 46: 985-1019.",,,,,,,,,,,,,,,,,,,,,,,,,,,
N. Barents Sea,May-Aug 2003-2005,79,28,0.76,3.00,20.00,,"Sturluson, M., T. Gissel Nielsen, and P. Wassmann. 2008. Bacterial abundance, biomass and production during spring blooms in the northern Barents Sea. Deep Sea Res II 55: 2186-2198.",,,,,,,,,,,,,,,,,,,,,,,,,,,
"NE Atlantic, subtropical",,,,0.015,0.73,12.00,From Table 1,"Moran, X. a. G., E. Fernandez, and V. Perez. 2004. Size-fractionated primary production, bacterial production and net community production in subtropical and tropical domains of the oligotrophic NE Atlantic in autumn. Mar. Ecol. Progr. Ser. 274: 17-29.",,,,,,,,,,,,,,,,,,,,,,,,,,,
"NE Atlantic, tropical",,,,0.016,0.73,12.00,From Table 1,"Moran, X. a. G., E. Fernandez, and V. Perez. 2004. Size-fractionated primary production, bacterial production and net community production in subtropical and tropical domains of the oligotrophic NE Atlantic in autumn. Mar. Ecol. Progr. Ser. 274: 17-29.",,,,,,,,,,,,,,,,,,,,,,,,,,,
NE Atlantic,Jul/96,58,-20,0.08,0.40,16,Used biovol,"Zubkov, M. V., M. A. Sleigh, and P. H. Burkill. 2001. Heterotrophic bacterial turnover along the 20 degrees W meridian between 59 degrees N and 37 degrees N in July 1996. Deep-Sea Res II 48: 987-1001.",,,,,,,,,,,,,,,,,,,,,,,,,,,
NE Atlantic,Jul/96,54,-20,0.14,0.40,16,Used biovol,"Zubkov, M. V., M. A. Sleigh, and P. H. Burkill. 2001. Heterotrophic bacterial turnover along the 20 degrees W meridian between 59 degrees N and 37 degrees N in July 1996. Deep-Sea Res II 48: 987-1001.",,,,,,,,,,,,,,,,,,,,,,,,,,,
NE Atlantic,Jul/96,47,-20,0.11,0.40,16,Used biovol,"Zubkov, M. V., M. A. Sleigh, and P. H. Burkill. 2001. Heterotrophic bacterial turnover along the 20 degrees W meridian between 59 degrees N and 37 degrees N in July 1996. Deep-Sea Res II 48: 987-1001.",,,,,,,,,,,,,,,,,,,,,,,,,,,
NE Atlantic,Jul/96,40,-20,0.08,0.40,16,Used biovol,"Zubkov, M. V., M. A. Sleigh, and P. H. Burkill. 2001. Heterotrophic bacterial turnover along the 20 degrees W meridian between 59 degrees N and 37 degrees N in July 1996. Deep-Sea Res II 48: 987-1001.",,,,,,,,,,,,,,,,,,,,,,,,,,,
NE Atlantic,Jul/96,38,-20,0.10,0.40,16,Used biovol,"Zubkov, M. V., M. A. Sleigh, and P. H. Burkill. 2001. Heterotrophic bacterial turnover along the 20 degrees W meridian between 59 degrees N and 37 degrees N in July 1996. Deep-Sea Res II 48: 987-1001.",,,,,,,,,,,,,,,,,,,,,,,,,,,
North Aegean,Sep/97,,,0.08,1.50,10.00,Taken from Pulido-Villena et al. 2012,"Christaki, U., F. Van Wambeke, and J. R. Dolan. 1999. Nanoflagellates (mixotrophs, heterotrophs and autotrophs) in the oligotrophic eastern Mediterranean: standing stocks, bacterivory and relationships with bacterial production. Mar. Ecol. Prog. Ser. 181: 297-307.",,,,,,,,,,,,,,,,,,,,,,,,,,,
North Aegean,Mar/97,,,0.16,1.50,10.00,Taken from Pulido-Villena et al. 2012,"Christaki, U., F. Van Wambeke, and J. R. Dolan. 1999. Nanoflagellates (mixotrophs, heterotrophs and autotrophs) in the oligotrophic eastern Mediterranean: standing stocks, bacterivory and relationships with bacterial production. Mar. Ecol. Prog. Ser. 181: 297-307.",,,,,,,,,,,,,,,,,,,,,,,,,,,
North Aegean,Mar/97,,,0.05,1.50,10.00,Taken from Pulido-Villena et al. 2012,"Christaki, U., F. Van Wambeke, and J. R. Dolan. 1999. Nanoflagellates (mixotrophs, heterotrophs and autotrophs) in the oligotrophic eastern Mediterranean: standing stocks, bacterivory and relationships with bacterial production. Mar. Ecol. Prog. Ser. 181: 297-307.",,,,,,,,,,,,,,,,,,,,,,,,,,,
North Aegean,Mar/97,,,0.18,1.50,10.00,Taken from Pulido-Villena et al. 2012,"Christaki, U., F. Van Wambeke, and J. R. Dolan. 1999. Nanoflagellates (mixotrophs, heterotrophs and autotrophs) in the oligotrophic eastern Mediterranean: standing stocks, bacterivory and relationships with bacterial production. Mar. Ecol. Prog. Ser. 181: 297-307.",,,,,,,,,,,,,,,,,,,,,,,,,,,
NW Mediterranean,March-Sept 2009,,,0.15,0.82,Used biovol*,Three cruises,"Gomes, A., J. M. Gasol, M. Estrada, L. Franco-Vidal, L. Díaz-Pérez, I. Ferrera, and X. a. G. Morán. 2015. Heterotrophic bacterial responses to the winter–spring phytoplankton bloom in open waters of the NW Mediterranean. Deep Sea Research Part I: Oceanographic Research Papers 96: 59-68.",,,,,,,,,,,,,,,,,,,,,,,,,,,
RossSea,,,-76,0.02,1.50,15.00,AESOPS,"Ducklow, H., C. Carlson, M. Church, D. Kirchman, D. Smith, and G. Steward. 2001. The seasonal development of the bacterioplankton bloom in the Ross Sea, Antarctica 1994-1997. Deep-Sea Res II 48: 4199-4221.",,,,,,,,,,,,,,,,,,,,,,,,,,,
RossSea,,,-76,0.11,1.50,15.00,AESOPS,"Ducklow, H., C. Carlson, M. Church, D. Kirchman, D. Smith, and G. Steward. 2001. The seasonal development of the bacterioplankton bloom in the Ross Sea, Antarctica 1994-1997. Deep-Sea Res II 48: 4199-4221.",,,,,,,,,,,,,,,,,,,,,,,,,,,
RossSea,,,-76,0.01,1.50,15.00,AESOPS,"Ducklow, H., C. Carlson, M. Church, D. Kirchman, D. Smith, and G. Steward. 2001. The seasonal development of the bacterioplankton bloom in the Ross Sea, Antarctica 1994-1997. Deep-Sea Res II 48: 4199-4221.",,,,,,,,,,,,,,,,,,,,,,,,,,,
RossSea,,,-76,0.02,1.50,15.00,AESOPS,"Ducklow, H., C. Carlson, M. Church, D. Kirchman, D. Smith, and G. Steward. 2001. The seasonal development of the bacterioplankton bloom in the Ross Sea, Antarctica 1994-1997. Deep-Sea Res II 48: 4199-4221.",,,,,,,,,,,,,,,,,,,,,,,,,,,
Sicily strait,"8-9 Jul, 2008",,,0.12,1.50,10.00,Taken from Pulido-Villena et al. 2012,"Van Wambeke et al. unpub; see Pulido-Villena et al. 2012, complete reference given below",,,,,,,,,,,,,,,,,,,,,,,,,,,
South Pacific,Nov-Dec 2004,-26.05947,-114.00177,0.09,1.50,10.00,Integrated,"Van Wambeke, F., I. Obernosterer, T. Moutin, S. Duhamel, O. Ulloa, and H. Claustre. 2008. Heterotrophic bacterial production in the eastern South Pacific: longitudinal trends and coupling with primary production. Biogeosciences 5: 157-169.",,,,,,,,,,,,,,,,,,,,,,,,,,,
South Pacific,Nov-Dec 2004,-26.05947,-114.00177,0.10,1.50,10.00,Integrated,"Van Wambeke, F., I. Obernosterer, T. Moutin, S. Duhamel, O. Ulloa, and H. Claustre. 2008. Heterotrophic bacterial production in the eastern South Pacific: longitudinal trends and coupling with primary production. Biogeosciences 5: 157-169.",,,,,,,,,,,,,,,,,,,,,,,,,,,
South Pacific,Nov-Dec 2004,-26.05947,-114.00177,0.11,1.50,10.00,Integrated,"Van Wambeke, F., I. Obernosterer, T. Moutin, S. Duhamel, O. Ulloa, and H. Claustre. 2008. Heterotrophic bacterial production in the eastern South Pacific: longitudinal trends and coupling with primary production. Biogeosciences 5: 157-169.",,,,,,,,,,,,,,,,,,,,,,,,,,,
South Pacific,Nov-Dec 2004,-26.07043,-114.02315,0.08,1.50,10.00,Integrated,"Van Wambeke, F., I. Obernosterer, T. Moutin, S. Duhamel, O. Ulloa, and H. Claustre. 2008. Heterotrophic bacterial production in the eastern South Pacific: longitudinal trends and coupling with primary production. Biogeosciences 5: 157-169.",,,,,,,,,,,,,,,,,,,,,,,,,,,
South Pacific,Nov-Dec 2004,-27.77275,-107.28623,0.12,1.50,10.00,Integrated,"Van Wambeke, F., I. Obernosterer, T. Moutin, S. Duhamel, O. Ulloa, and H. Claustre. 2008. Heterotrophic bacterial production in the eastern South Pacific: longitudinal trends and coupling with primary production. Biogeosciences 5: 157-169.",,,,,,,,,,,,,,,,,,,,,,,,,,,
South Pacific,Nov-Dec 2004,-28.53627,-104.308,0.10,1.50,10.00,Integrated,"Van Wambeke, F., I. Obernosterer, T. Moutin, S. Duhamel, O. Ulloa, and H. Claustre. 2008. Heterotrophic bacterial production in the eastern South Pacific: longitudinal trends and coupling with primary production. Biogeosciences 5: 157-169.",,,,,,,,,,,,,,,,,,,,,,,,,,,
South Pacific,Nov-Dec 2004,-29.2252,-101.48098,0.11,1.50,10.00,Integrated,"Van Wambeke, F., I. Obernosterer, T. Moutin, S. Duhamel, O. Ulloa, and H. Claustre. 2008. Heterotrophic bacterial production in the eastern South Pacific: longitudinal trends and coupling with primary production. Biogeosciences 5: 157-169.",,,,,,,,,,,,,,,,,,,,,,,,,,,
South Pacific,Nov-Dec 2004,-30.042,-98.39228,0.07,1.50,10.00,Integrated,"Van Wambeke, F., I. Obernosterer, T. Moutin, S. Duhamel, O. Ulloa, and H. Claustre. 2008. Heterotrophic bacterial production in the eastern South Pacific: longitudinal trends and coupling with primary production. Biogeosciences 5: 157-169.",,,,,,,,,,,,,,,,,,,,,,,,,,,
South Pacific,Nov-Dec 2004,-30.78638,-95.4272,0.11,1.50,10.00,Integrated,"Van Wambeke, F., I. Obernosterer, T. Moutin, S. Duhamel, O. Ulloa, and H. Claustre. 2008. Heterotrophic bacterial production in the eastern South Pacific: longitudinal trends and coupling with primary production. Biogeosciences 5: 157-169.",,,,,,,,,,,,,,,,,,,,,,,,,,,
South Pacific,Nov-Dec 2004,-31.82388,-91.46046,0.09,1.50,10.00,Integrated,"Van Wambeke, F., I. Obernosterer, T. Moutin, S. Duhamel, O. Ulloa, and H. Claustre. 2008. Heterotrophic bacterial production in the eastern South Pacific: longitudinal trends and coupling with primary production. Biogeosciences 5: 157-169.",,,,,,,,,,,,,,,,,,,,,,,,,,,
South Pacific,Nov-Dec 2004,-31.87443,-91.4097,0.10,1.50,10.00,Integrated,"Van Wambeke, F., I. Obernosterer, T. Moutin, S. Duhamel, O. Ulloa, and H. Claustre. 2008. Heterotrophic bacterial production in the eastern South Pacific: longitudinal trends and coupling with primary production. Biogeosciences 5: 157-169.",,,,,,,,,,,,,,,,,,,,,,,,,,,
South Pacific,Nov-Dec 2004,-31.87307,-91.43445,0.11,1.50,10.00,Integrated,"Van Wambeke, F., I. Obernosterer, T. Moutin, S. Duhamel, O. Ulloa, and H. Claustre. 2008. Heterotrophic bacterial production in the eastern South Pacific: longitudinal trends and coupling with primary production. Biogeosciences 5: 157-169.",,,,,,,,,,,,,,,,,,,,,,,,,,,
South Pacific,Nov-Dec 2004,-32.39545,-86.78242,0.09,1.50,10.00,Integrated,"Van Wambeke, F., I. Obernosterer, T. Moutin, S. Duhamel, O. Ulloa, and H. Claustre. 2008. Heterotrophic bacterial production in the eastern South Pacific: longitudinal trends and coupling with primary production. Biogeosciences 5: 157-169.",,,,,,,,,,,,,,,,,,,,,,,,,,,
South Pacific,Nov-Dec 2004,-32.68325,-84.0737,0.10,1.50,10.00,Integrated,"Van Wambeke, F., I. Obernosterer, T. Moutin, S. Duhamel, O. Ulloa, and H. Claustre. 2008. Heterotrophic bacterial production in the eastern South Pacific: longitudinal trends and coupling with primary production. Biogeosciences 5: 157-169.",,,,,,,,,,,,,,,,,,,,,,,,,,,
South Pacific,Nov-Dec 2004,-33.02312,-81.20049,0.10,1.50,10.00,Integrated,"Van Wambeke, F., I. Obernosterer, T. Moutin, S. Duhamel, O. Ulloa, and H. Claustre. 2008. Heterotrophic bacterial production in the eastern South Pacific: longitudinal trends and coupling with primary production. Biogeosciences 5: 157-169.",,,,,,,,,,,,,,,,,,,,,,,,,,,
South Pacific,Nov-Dec 2004,-33.354,-78.11878,0.14,1.50,10.00,Integrated,"Van Wambeke, F., I. Obernosterer, T. Moutin, S. Duhamel, O. Ulloa, and H. Claustre. 2008. Heterotrophic bacterial production in the eastern South Pacific: longitudinal trends and coupling with primary production. Biogeosciences 5: 157-169.",,,,,,,,,,,,,,,,,,,,,,,,,,,
South Pacific,Nov-Dec 2004,-33.9332,-73.36405,0.34,1.50,10.00,Integrated,"Van Wambeke, F., I. Obernosterer, T. Moutin, S. Duhamel, O. Ulloa, and H. Claustre. 2008. Heterotrophic bacterial production in the eastern South Pacific: longitudinal trends and coupling with primary production. Biogeosciences 5: 157-169.",,,,,,,,,,,,,,,,,,,,,,,,,,,
South Pacific,Nov-Dec 2004,-34.5368,-72.41227,0.87,1.50,10.00,Integrated,"Van Wambeke, F., I. Obernosterer, T. Moutin, S. Duhamel, O. Ulloa, and H. Claustre. 2008. Heterotrophic bacterial production in the eastern South Pacific: longitudinal trends and coupling with primary production. Biogeosciences 5: 157-169.",,,,,,,,,,,,,,,,,,,,,,,,,,,
Svalbard,Jul,81,55,0.68,3.00,20.00,,"Muller-Niklas, G., and G. J. Herndl. 1996. Dynamics of bacterioplankton during a phytoplankton bloom in the high Arctic waters of the Franz-Joseph Land archipelago. Aquat. Microb. Ecol. 11: 111-118.",,,,,,,,,,,,,,,,,,,,,,,,,,,
Thyrennian,Sep/99,,,0.09,1.50,10.00,Taken from Pulido-Villena et al. 2012,"Van Wambeke, F., U. Christaki, A. Giannokourou, T. Moutin, and K. Souvemerzoglou. 2002. Longitudinal and vertical trends of bacterial limitation by phosphorus and carbon in the Mediterranean Sea. Microbial. Ecol. 43: 119-133.",,,,,,,,,,,,,,,,,,,,,,,,,,,
Weddell-Scotia,,-50,-61,0.11,3.10,Used biovol*,,"Moran, X. a. G., J. M. Gasol, C. Pedros-Alio, and M. Estrada. 2001. Dissolved and particulate primary production and bacterial production in offshore Antarctic waters during austral summer: coupled or uncoupled? Mar. Ecol. Progr. Ser. 222: 25-39.",,,,,,,,,,,,,,,,,,,,,,,,,,,
West Antarctic Peninsula,Several years,-66,-69.4,0.18,1.50,10.00,,"Ducklow, H. W., O. Schofield, M. Vernet, S. Stammerjohn, and M. Erickson. 2012. Multiscale control of bacterial production by phytoplankton dynamics and sea ice along the western Antarctic Peninsula: A regional and decadal investigation. Journal of Marine Systems 98–99: 26-39.",,,,,,,,,,,,,,,,,,,,,,,,,,,
,,,Mean,0.14,1.50,12.63,,,,,,,,,,,,,,,,,,,,,,,,,,,,,
,,,,,,,,,,,,,,,,,,,,,,,,,,,,,,,,,,,
,,,,,,,Cited above for some of the values-->,"Pulido-Villena, E., J.-F. Ghiglione, E. Ortega-Retuerta, F. Van Wambeke, and T. Zohary. 2012. Heterotrophic bacteria in the pelagic realm of the Mediterranean Sea, p. 227-265 In N. Stambler [ed.], Life in the Mediterranean Sea: A Look at Habitat Changes. Nova Science Publishers.",,,,,,,,,,,,,,,,,,,,,,,,,,,
,,,,,,,,,,,,,,,,,,,,,,,,,,,,,,,,,,,
,,,,,,"*In these studies, bacterial biomass was estimated from biovolume and an assumed C per biovolume conversion factors.",,,,,,,,,,,,,,,,,,,,,,,,,,,,,
,,,,,,"With one exception, it wasn't possible to deduce the resulting average C per cell. ",,,,,,,,,,,,,,,,,,,,,,,,,,,,,